{
    "model_name": "cross-encoder/ms-marco-MiniLM-L-6-v2",
    "device": "cuda",
    "gpu_name": "NVIDIA GeForce RTX 4060 Laptop GPU",
    "load_time_seconds": 8.069546937942505,
    "system_model_memory_mb": 337.4140625,
    "gpu_model_memory_allocated_mb": 43.865234375,
    "benchmark_runs": {
        "1": {
            "batch_size": 1,
            "total_time_ms": 11.722087860107422,
            "avg_time_per_pair_ms": 11.722087860107422,
            "system_memory_mb": 1163.3125,
            "gpu_allocated_mb": 51.99267578125
        },
        "10": {
            "batch_size": 10,
            "total_time_ms": 14.76597785949707,
            "avg_time_per_pair_ms": 1.476597785949707,
            "system_memory_mb": 1163.98046875,
            "gpu_allocated_mb": 52.0029296875
        },
        "30": {
            "batch_size": 30,
            "total_time_ms": 22.19676971435547,
            "avg_time_per_pair_ms": 0.739892323811849,
            "system_memory_mb": 1155.9609375,
            "gpu_allocated_mb": 52.02490234375
        },
        "50": {
            "batch_size": 50,
            "total_time_ms": 14.868736267089844,
            "avg_time_per_pair_ms": 0.2973747253417969,
            "system_memory_mb": 1159.36328125,
            "gpu_allocated_mb": 52.046875
        }
    }
}